Lorem ipsum dolor sit amet, consectetur adipiscing elit. Vestibulum tempus eget leo fermentum sagittis. Curabitur ultricies varius justo ut tristique. Maecenas eget neque nulla. Fusce aliquet cursus scelerisque. Phasellus et ipsum sed mi malesuada maximus. Quisque sed lectus lorem. Ut sit amet nibh in justo tempus mollis. Phasellus et enim id urna euismod aliquet. Pellentesque eros augue, elementum ac risus quis, sollicitudin rutrum urna. Nunc non leo nunc. Cras ut varius magna, eu hendrerit turpis. Cras fringilla rhoncus tortor, ac porta urna blandit vitae. Vestibulum purus ligula, interdum nec tellus a, malesuada dictum dui.

Fusce neque augue, volutpat sit amet diam non, pellentesque tempus leo. Integer lacus nibh, consectetur ut hendrerit in, pharetra sit amet odio. Integer sem mauris, eleifend non nisi ut, mollis accumsan tellus. Fusce venenatis sagittis feugiat. In porttitor sit amet tortor in aliquet. Integer varius magna mauris, sit amet cursus mi hendrerit non. Proin convallis bibendum tellus, at posuere felis iaculis vitae. Donec convallis eget magna eget sollicitudin. Sed in dolor ac mi fringilla pellentesque. Pellentesque habitant morbi tristique senectus et netus et malesuada fames ac turpis egestas. Curabitur convallis, lectus eu sagittis consequat, nibh magna ultrices nunc, et porta est urna eget lacus.

Vestibulum gravida vitae est non hendrerit. Etiam dictum, purus finibus porttitor tempus, purus ex condimentum dolor, at tristique massa arcu sed orci. Etiam fermentum mollis tortor, nec fringilla neque commodo et. Praesent accumsan lacus aliquet orci consequat aliquam. Aliquam ornare facilisis erat in volutpat. Pellentesque dictum scelerisque finibus. Nulla ante odio, auctor sit amet ultrices ut, aliquet ac metus. Ut enim purus, sagittis quis lacus sit amet, lacinia convallis enim. Nullam est nisl, euismod ac porta sit amet, porttitor quis ex. Donec volutpat posuere quam sed egestas. Donec auctor hendrerit eros, ac vestibulum nibh lobortis id.

Phasellus nec laoreet ante. Curabitur at dolor sit amet lorem cursus viverra. Pellentesque ornare non ligula eu placerat. In cursus dui eu magna congue tristique. Vestibulum volutpat nunc odio, viverra vestibulum augue pretium in. Quisque vehicula fermentum placerat. Morbi quis aliquet dolor, in vehicula lectus. Nunc sed sem nunc. Etiam suscipit, odio a consectetur fermentum, justo arcu cursus lectus, ac laoreet leo mauris a mauris. Nam sodales eu ex consectetur luctus. Duis rutrum consectetur ultricies. Praesent at nulla pharetra, scelerisque eros eget, condimentum nunc.

In risus nisl, maximus sit amet malesuada vel, tristique ut diam. Donec in arcu id arcu rutrum ultricies quis nec nisl. Nunc at pulvinar neque. Sed pellentesque ipsum non tempor tincidunt. Nulla scelerisque luctus sapien, nec molestie neque pellentesque sed. Aliquam erat volutpat. Aenean rutrum risus et urna porttitor blandit. In porta sapien at lorem tempor tristique. Mauris ac mollis massa. Praesent tincidunt enim a eros finibus vestibulum. Fusce sed ipsum elit. Pellentesque augue urna, mattis eu facilisis ut, laoreet at purus. Vivamus quis turpis at odio tincidunt pretium non in ex. Praesent pellentesque odio felis, quis faucibus justo consequat in. Morbi tempor mauris at turpis gravida commodo. Phasellus gravida turpis quam, in sagittis magna dapibus scelerisque.

Aliquam erat volutpat. Integer cursus hendrerit nisi, vel ultricies tortor consequat eu. Maecenas et posuere risus. Ut suscipit aliquam enim malesuada vestibulum. Nunc ac varius sapien, vel tempor urna. Proin massa lorem, sagittis at interdum id, laoreet non quam. Ut id purus viverra, faucibus diam eu, facilisis ipsum. Integer tincidunt tincidunt iaculis. Sed tincidunt est sit amet eleifend rhoncus. Integer in libero urna. Ut et volutpat erat.

Donec ut arcu tempor, lacinia urna ac, ornare est. Interdum et malesuada fames ac ante ipsum primis in faucibus. Vestibulum ac metus libero. Sed ultricies sem non orci facilisis, eu consequat mauris egestas. Praesent nulla lorem, lobortis non tempus in, venenatis sit amet turpis. Vivamus non molestie purus. Etiam pretium sapien eu justo tempus, at ultricies purus ornare. Nulla facilisi. Aenean est erat, tincidunt vel mi ut, molestie pellentesque ligula. Proin a semper ipsum. Vestibulum maximus erat ipsum, ut elementum orci pretium ac. Phasellus id nulla magna. Mauris condimentum pretium velit, vel ullamcorper tellus scelerisque vel.

Duis fringilla, lectus eu elementum mattis, ligula nisi volutpat libero, nec suscipit justo sem et neque. Vestibulum euismod dictum neque rutrum rhoncus. Mauris libero lacus, feugiat cursus metus vitae, feugiat venenatis nulla. Maecenas sem dolor, ornare non elit ac, porttitor porta neque. Pellentesque fermentum dictum efficitur. Suspendisse in auctor purus. Aenean nibh elit, finibus quis mattis nec, mollis nec augue. Donec sed turpis in nisi convallis consequat a ac odio. Praesent ullamcorper pharetra enim, ac dictum dui mollis et. Morbi sed nibh ligula. Phasellus feugiat turpis ut mi fringilla, nec pretium est auctor.

Donec tempus, dolor sed vulputate rhoncus, leo felis ultricies sapien, ut euismod libero libero in ipsum. Integer ultricies congue lectus, sed scelerisque nisl feugiat quis. Mauris aliquet nulla mattis sapien sagittis, vel sagittis ex interdum. Donec volutpat risus eu magna iaculis, eu sollicitudin est luctus. Pellentesque augue mauris, vulputate efficitur dapibus eu, molestie nec nisi. Nunc aliquam ex vitae suscipit vehicula. In hac habitasse platea dictumst. Morbi finibus enim nec posuere fringilla. Cras metus nisi, suscipit vel neque sed, volutpat interdum felis. Cras auctor congue aliquet. Maecenas ornare turpis id consequat pharetra. Curabitur eros tellus, auctor vel luctus ut, sodales at massa. Sed et mi magna.

Morbi aliquam lectus est, quis scelerisque ex sollicitudin ac. Maecenas eu leo at purus tincidunt commodo. Praesent et tellus ac ipsum tincidunt dapibus. Phasellus at sapien et enim elementum fringilla sed et est. Duis eu velit sagittis, varius nisl nec, tempor dolor. Maecenas velit ligula, tristique vel erat et, mattis tempor ante. Pellentesque euismod luctus mauris, eu pharetra justo ultricies vel. In nec mauris mauris. Fusce viverra nulla rhoncus lacus laoreet volutpat.